feature,importance
Total_Reels_Watched,0.5584101196354769
Focus_Sessions_Count,0.19254057951643114
Study_Hours,0.0803093474885928
Is_Late_Night,0.05807708394116278
Age,0.041222727718988404
Coffee_Consumed_Per_Day,0.02584937589021502
Device_Smartphone,0.02366022070515239
Device_Tablet,0.014134852204209345
Device_PC,0.005795692899771332
